{
  "version": 1140300,
  "protocolversion": 70015,
  "walletversion": 130000,
  "balance": 0.00000000,
  "blocks": 59865,
  "timeoffset": -2,
  "connections": 9,
  "proxy": "",
  "difficulty": 488.9816380064121,
  "testnet": false,
  "keypoololdest": 1620983187,
  "keypoolsize": 100,
  "paytxfee": 0.00000000,
  "relayfee": 1.00000000,
  "errors": ""
}
